ID,degree00,degree01,degree02,degree03,degree05,degree06,degree07,degree08,degree09,degree10,degree11,degree12,degree13,degree14,degree15,degree16,degree17,degree18,degree19,degree20,degree21,degree22,degree23,degree24,degree25,degree26,degree27,degree28,degree29,degree30,degree31,degree32,degree33,degree34,degree35,degree36,degree37,degree38,degree39,degree40,degree41,degree42,degree43,degree44,degree45,degree46,degree47,degree48,degree49
10165676,29,30,29,29,0.1056076866,0.5027107346,0.7619222062,0.27890765,0.5772504886,0.1527125878,0.8209777676,0.654280459,0.4643962291,0.7314891299,0.444071509,0.8710845438,0.0872321957,0.0094603275,0.4022942007,0.537008414,0.3052868447,0.4310630628,0.6015727622,0.3993814402,0.1957553265,0.9710707035,0.0270253709,0.2886013849,0.9008175589,0.0518121001,0.2922541745,0.8503658156,0.9906539819,0.8661435879,0.2317894738,0.0062173677,0.7705979471,0.3203494624,0.3315347686,0.6156679551,0.0866502569,0.9244052155,0.6080044225,0.0734936265,0.3979516058,0.1071147196,0.6600266928,0.9439016484,0.6758536357
70003785,7,8,7,7,0.6478679218,0.6204090083,0.5704285982,0.6666973695,0.4711346007,0.946763783,0.296927147,0.272249593,0.9824161967,0.1071860584,0.1121769904,0.8735213974,0.0354086011,0.0283121365,0.3214160726,0.2385215886,0.415174433,0.9150084381,0.5907997653,0.0606341939,0.3550464575,0.5047192109,0.077570699,0.4793848067,0.7385674375,0.9586669253,0.8533306884,0.6880295595,0.3986632941,0.1814353625,0.4214762376,0.0140530303,0.8130701891,0.9072669559,0.7166301817,0.4764181429,0.9020670963,0.3290605135,0.2564788119,0.2982645403,0.2187083077,0.944347231,0.5177795867,0.9639692733,0.8319052299
99999999,0,0,0,1,0.5549554365,0.302640546,0.6208261163,0.4584742274,0.8705950834,0.4880956747,0.5963842766,0.8408390892,0.0241397306,0.2880778376,0.3651124061,0.3330131128,0.9652052055,0.7012767906,0.8365229227,0.932744165,0.8884816607,0.7957265365,0.2067836186,0.7842363792,0.5508500457,0.0469857586,0.5899800442,0.3632294055,0.938744493,0.0075600959,0.3942738853,0.9617064734,0.7751289027,0.5931370569,0.2122264542,0.9013444858,0.1221476253,0.9198821553,0.0020258551,0.7498224319,0.9542033864,0.1718683616,0.4442613028,0.9811104849,0.5992294923,0.5163316786,0.5308074365,0.2291369021,0.7274036695
